STATE,COUNTY,MONTH,DAY,HOUR,MINUTE,VE_FORMS,PERSONS,PEDS,NHS,ROAD_FNC,ROUTE,SP_JUR,HARM_EV,MAN_COLL,REL_JUNC,REL_ROAD,TRAF_FLO,NO_LANES,SP_LIMIT,ALIGNMNT,PROFILE,PAVE_TYP,SUR_COND,TRA_CONT,T_CONT_F,HIT_RUN,LGT_COND,WEATHER,C_M_ZONE,NOT_HOUR,NOT_MIN,ARR_HOUR,ARR_MIN,HOSP_HR,HOSP_MN,SCH_BUS,CF1,CF2,CF3,FATALS,DAY_WEEK,DRUNK_DR,ST_CASE,CITY,MILEPT,YEAR,TWAY_ID,RAIL,latitude,longitud
6,19,4,13,18,30,1,3,0,1,1,1,0,33,0,1,4,2,2,70,1,1,2,1,0,0,0,1,1,0,99,99,99,99,99,99,0,0,0,0,1,6,0,60779,0,192,2001,I-5,0000000,36.310372222,-120.2826667
6,59,4,13,20,40,1,6,0,1,11,1,0,1,0,1,3,3,5,65,1,1,1,1,0,0,0,3,1,0,99,99,99,99,99,99,0,0,0,0,2,6,0,60832,1380,420,2001,I-5,0000000,33.856494444,-117.9777222
6,71,4,13,21,32,1,2,1,0,13,6,0,8,0,1,1,5,2,35,1,1,2,1,99,9,2,2,1,1,99,99,99,99,0,0,0,0,0,0,1,6,1,60833,3000,0,2001,RIVERSIDE AVE,0000000,34.093194444,-117.3703861
6,71,4,13,22,14,3,8,0,0,14,6,0,12,4,2,1,1,4,45,1,1,2,1,3,3,0,3,1,0,99,99,99,99,99,99,0,0,0,0,1,6,1,61122,1947,0,2001,REDLANDS BLVD,0000000,34.063036111,-117.2436833
6,1,4,13,21,37,2,4,0,0,14,4,0,12,4,1,1,1,2,30,1,1,2,1,0,0,1,3,1,0,99,99,99,99,99,99,0,0,0,0,1,6,1,61316,0,0,2001,D ST,0000000,37.679816667,-122.0584528
6,37,4,13,20,42,1,1,0,0,12,3,0,24,0,3,4,2,2,55,1,1,2,1,3,3,0,3,1,0,99,99,99,99,99,99,0,0,0,0,1,6,1,61524,1970,72,2001,SR-103,0000000,33.804341667,-118.2206167
32,31,4,13,19,59,1,2,1,0,14,6,0,8,0,1,1,1,4,30,1,1,2,1,0,0,0,3,1,0,19,59,20,4,20,19,0,0,0,0,1,6,0,320109,170,0,2001,WELLS AVE,0000000,39.525905556,-119.8029944